Course Code,Academic Period,Subject,Subject College,Department,MT C or Higher,"MT C-, D, F, W",MT Not Reported,Total Grades,# of Passing Grades,% of Passing Grades
THEA 28661,202410,THEA,CotA,THDN,5.0,0.0,0.0,5.0,1.0,100.00%
MDJ 11788,202380,MDJ,CCI,MDJ,19.0,0.0,0.0,19.0,1.0,100.00%
DAN 22742,202480,DAN,CotA,THDN,9.0,0.0,0.0,9.0,1.0,100.00%
THEA 14873,202480,THEA,CotA,THDN,11.0,0.0,0.0,11.0,1.0,100.00%
MUS 20682,202480,MUS,CotA,MUS,9.0,0.0,0.0,9.0,1.0,100.00%
MUS 13040,202310,MUS,CotA,MUS,4.0,0.0,0.0,4.0,1.0,100.00%
ARCS 12721,202510,ARCS,CAED,ARCH,11.0,0.0,0.0,11.0,1.0,100.00%
VCD 20802,202310,VCD,CCI,VCD,23.0,0.0,1.0,24.0,0.9583333333333334,95.83%
MDJ 11788,202580,MDJ,CCI,MDJ,23.0,1.0,0.0,24.0,0.9583333333333334,95.83%
VCD 13182,202380,VCD,CCI,VCD,21.0,1.0,0.0,22.0,0.9545454545454546,95.45%
MDJ 12062,202610,MDJ,CCI,MDJ,19.0,0.0,1.0,20.0,0.95,95.00%
THEA 28661,202580,THEA,CotA,THDN,17.0,0.0,1.0,18.0,0.9444444444444444,94.44%
VCD 17656,202610,VCD,CCI,VCD,17.0,0.0,1.0,18.0,0.9444444444444444,94.44%
DAN 13945,202480,DAN,CotA,THDN,15.0,1.0,0.0,16.0,0.9375,93.75%
DAN 22742,202580,DAN,CotA,THDN,15.0,1.0,0.0,16.0,0.9375,93.75%
MUS 20682,202380,MUS,CotA,MUS,13.0,0.0,1.0,14.0,0.9285714285714286,92.86%
ARCS 11014,202510,ARCS,CAED,ARCH,13.0,0.0,1.0,14.0,0.9285714285714286,92.86%
ARCS 11014,202410,ARCS,CAED,ARCH,13.0,1.0,0.0,14.0,0.9285714285714286,92.86%
ARTS 23886,202610,ARTS,CotA,ART,12.0,1.0,0.0,13.0,0.9230769230769231,92.31%
MUS 20682,202280,MUS,CotA,MUS,12.0,0.0,1.0,13.0,0.9230769230769231,92.31%
MDJ 25865,202580,MDJ,CCI,MDJ,23.0,1.0,1.0,25.0,0.92,92.00%
DAN 22742,202380,DAN,CotA,THDN,11.0,0.0,1.0,12.0,0.9166666666666666,91.67%
EMAT 12670,202480,EMAT,CCI,EMAT,22.0,2.0,0.0,24.0,0.9166666666666666,91.67%
MDJ 12062,202480,MDJ,CCI,MDJ,11.0,1.0,0.0,12.0,0.9166666666666666,91.67%
MDJ 12063,202310,MDJ,CCI,MDJ,11.0,1.0,0.0,12.0,0.9166666666666666,91.67%
EMAT 12670,202380,EMAT,CCI,EMAT,21.0,1.0,1.0,23.0,0.9130434782608695,91.30%
ARCS 26039,202580,ARCS,CAED,ARCH,10.0,0.0,1.0,11.0,0.9090909090909091,90.91%
MUS 12689,202280,MUS,CotA,MUS,10.0,0.0,1.0,11.0,0.9090909090909091,90.91%
ARCH 22860,202610,ARCH,CAED,ARCH,20.0,1.0,1.0,22.0,0.9090909090909091,90.91%
MDJ 17554,202380,MDJ,CCI,MDJ,39.0,2.0,2.0,43.0,0.9069767441860465,90.70%
EMAT 10164,202280,EMAT,CCI,EMAT,19.0,0.0,2.0,21.0,0.9047619047619048,90.48%
FDM 17764,202510,FDM,CotA,FDM,19.0,1.0,1.0,21.0,0.9047619047619048,90.48%
FDM 20907,202580,FDM,CotA,FDM,46.0,3.0,2.0,51.0,0.9019607843137255,90.20%
AED 22860,202510,AED,CAED,ARCH,9.0,1.0,0.0,10.0,0.9,90.00%
THEA 28661,202310,THEA,CotA,THDN,9.0,1.0,0.0,10.0,0.9,90.00%
MDJ 11788,202510,MDJ,CCI,MDJ,18.0,1.0,1.0,20.0,0.9,90.00%
MDJ 22045,202480,MDJ,CCI,MDJ,18.0,2.0,0.0,20.0,0.9,90.00%
ARCS 12721,202610,ARCS,CAED,ARCH,9.0,0.0,1.0,10.0,0.9,90.00%
VCD 18839,202280,VCD,CCI,VCD,45.0,1.0,4.0,50.0,0.9,90.00%
ARTS 22958,202510,ARTS,CotA,ART,53.0,0.0,6.0,59.0,0.8983050847457628,89.83%
THEA 22559,202510,THEA,CotA,THDN,44.0,2.0,3.0,49.0,0.8979591836734694,89.80%
ID 11937,202380,ID,CAED,ARCH,78.0,6.0,3.0,87.0,0.896551724137931,89.66%
ART 20725,202310,ART,CotA,ART,26.0,2.0,1.0,29.0,0.896551724137931,89.66%
CMGT 11015,202510,CMGT,CAED,ARCH,34.0,2.0,2.0,38.0,0.8947368421052632,89.47%
MDJ 11788,202280,MDJ,CCI,MDJ,17.0,2.0,0.0,19.0,0.8947368421052632,89.47%
ART 29123,202310,ART,CotA,ART,34.0,3.0,1.0,38.0,0.8947368421052632,89.47%
ID 13310,202480,ID,CAED,ARCH,50.0,3.0,3.0,56.0,0.8928571428571429,89.29%
MDJ 28984,202310,MDJ,CCI,MDJ,66.0,3.0,5.0,74.0,0.8918918918918919,89.19%
ART 21467,202510,ART,CotA,ART,41.0,4.0,1.0,46.0,0.8913043478260869,89.13%
THEA 28661,202380,THEA,CotA,THDN,16.0,2.0,0.0,18.0,0.8888888888888888,88.89%
ARCH 22860,202410,ARCH,CAED,ARCH,16.0,0.0,2.0,18.0,0.8888888888888888,88.89%
ARCH 22860,202510,ARCH,CAED,ARCH,8.0,1.0,0.0,9.0,0.8888888888888888,88.89%
THEA 25397,202280,THEA,CotA,THDN,8.0,0.0,1.0,9.0,0.8888888888888888,88.89%
ARTH 23813,202410,ARTH,CotA,ART,24.0,2.0,1.0,27.0,0.8888888888888888,88.89%
THEA 15947,202480,THEA,CotA,THDN,16.0,0.0,2.0,18.0,0.8888888888888888,88.89%
THEA 22915,202280,THEA,CotA,THDN,31.0,3.0,1.0,35.0,0.8857142857142857,88.57%
THEA 22915,202310,THEA,CotA,THDN,23.0,2.0,1.0,26.0,0.8846153846153846,88.46%
CCI 11716,202610,CCI,CCI,CCI,76.0,9.0,1.0,86.0,0.8837209302325582,88.37%
ART 20725,202610,ART,CotA,ART,38.0,3.0,2.0,43.0,0.8837209302325582,88.37%
MUS 25988,202480,MUS,CotA,MUS,38.0,2.0,3.0,43.0,0.8837209302325582,88.37%
COMM 21241,202310,COMM,CCI,COMM,45.0,3.0,3.0,51.0,0.8823529411764706,88.24%
MDJ 13358,202510,MDJ,CCI,MDJ,67.0,3.0,6.0,76.0,0.881578947368421,88.16%
EMAT 17213,202580,EMAT,CCI,EMAT,37.0,2.0,3.0,42.0,0.8809523809523809,88.10%
ARTS 22958,202310,ARTS,CotA,ART,37.0,3.0,2.0,42.0,0.8809523809523809,88.10%
VCD 13182,202510,VCD,CCI,VCD,44.0,5.0,1.0,50.0,0.88,88.00%
ID 21822,202280,ID,CAED,ARCH,51.0,4.0,3.0,58.0,0.8793103448275862,87.93%
VCD 20802,202580,VCD,CCI,VCD,29.0,1.0,3.0,33.0,0.8787878787878788,87.88%
MDJ 28436,202310,MDJ,CCI,MDJ,36.0,4.0,1.0,41.0,0.8780487804878049,87.80%
THEA 15947,202310,THEA,CotA,THDN,21.0,1.0,2.0,24.0,0.875,87.50%
THEA 25397,202580,THEA,CotA,THDN,14.0,2.0,0.0,16.0,0.875,87.50%
ID 19670,202610,ID,CAED,ARCH,49.0,5.0,2.0,56.0,0.875,87.50%
VCD 24327,202480,VCD,CCI,VCD,35.0,4.0,1.0,40.0,0.875,87.50%
THEA 28661,202280,THEA,CotA,THDN,14.0,2.0,0.0,16.0,0.875,87.50%
VCD 19343,202480,VCD,CCI,VCD,21.0,2.0,1.0,24.0,0.875,87.50%
MDJ 22796,202380,MDJ,CCI,MDJ,42.0,1.0,5.0,48.0,0.875,87.50%
ARTS 26965,202610,ARTS,CotA,ART,34.0,3.0,2.0,39.0,0.8717948717948718,87.18%
THEA 25988,202410,THEA,CotA,THDN,27.0,0.0,4.0,31.0,0.8709677419354839,87.10%
ART 29123,202410,ART,CotA,ART,40.0,4.0,2.0,46.0,0.8695652173913043,86.96%
THEA 12927,202610,THEA,CotA,THDN,20.0,2.0,1.0,23.0,0.8695652173913043,86.96%
FDM 27868,202610,FDM,CotA,FDM,66.0,9.0,1.0,76.0,0.868421052631579,86.84%
ID 19883,202610,ID,CAED,ARCH,59.0,4.0,5.0,68.0,0.8676470588235294,86.76%
ARTS 28507,202510,ARTS,CotA,ART,78.0,7.0,5.0,90.0,0.8666666666666667,86.67%
ARCH 22860,202310,ARCH,CAED,ARCH,13.0,1.0,1.0,15.0,0.8666666666666667,86.67%
CMGT 19400,202610,CMGT,CAED,ARCH,84.0,8.0,5.0,97.0,0.865979381443299,86.60%
FDM 23628,202380,FDM,CotA,FDM,96.0,8.0,7.0,111.0,0.8648648648648649,86.49%
ART 29123,202380,ART,CotA,ART,70.0,6.0,5.0,81.0,0.8641975308641975,86.42%
THEA 25866,202310,THEA,CotA,THDN,19.0,2.0,1.0,22.0,0.8636363636363636,86.36%
THEA 21764,202310,THEA,CotA,THDN,19.0,1.0,2.0,22.0,0.8636363636363636,86.36%
ID 13889,202310,ID,CAED,ARCH,44.0,4.0,3.0,51.0,0.8627450980392157,86.27%
CMGT 19400,202410,CMGT,CAED,ARCH,86.0,9.0,5.0,100.0,0.86,86.00%
THEA 29275,202280,THEA,CotA,THDN,49.0,6.0,2.0,57.0,0.8596491228070176,85.96%
ID 21822,202480,ID,CAED,ARCH,49.0,3.0,5.0,57.0,0.8596491228070176,85.96%
MUS 25988,202580,MUS,CotA,MUS,30.0,4.0,1.0,35.0,0.8571428571428571,85.71%
MUS 12120,202610,MUS,CotA,MUS,18.0,2.0,1.0,21.0,0.8571428571428571,85.71%
MUS 13040,202510,MUS,CotA,MUS,6.0,1.0,0.0,7.0,0.8571428571428571,85.71%
THEA 19134,202480,THEA,CotA,THDN,30.0,2.0,3.0,35.0,0.8571428571428571,85.71%
THEA 25988,202480,THEA,CotA,THDN,42.0,2.0,5.0,49.0,0.8571428571428571,85.71%
ARTH 17400,202380,ARTH,CotA,ART,263.0,21.0,23.0,307.0,0.8566775244299675,85.67%
ARTS 22958,202580,ARTS,CotA,ART,53.0,5.0,4.0,62.0,0.8548387096774194,85.48%
MUS 28860,202480,MUS,CotA,MUS,41.0,7.0,0.0,48.0,0.8541666666666666,85.42%
MDJ 13358,202380,MDJ,CCI,MDJ,64.0,6.0,5.0,75.0,0.8533333333333334,85.33%
MDJ 28984,202280,MDJ,CCI,MDJ,64.0,2.0,9.0,75.0,0.8533333333333334,85.33%
ARTS 28482,202310,ARTS,CotA,ART,58.0,4.0,6.0,68.0,0.8529411764705882,85.29%
MDJ 25865,202310,MDJ,CCI,MDJ,29.0,4.0,1.0,34.0,0.8529411764705882,85.29%
CMGT 23815,202380,CMGT,CAED,ARCH,75.0,6.0,7.0,88.0,0.8522727272727273,85.23%
MUS 20682,202310,MUS,CotA,MUS,23.0,2.0,2.0,27.0,0.8518518518518519,85.19%
MDJ 28436,202380,MDJ,CCI,MDJ,40.0,2.0,5.0,47.0,0.851063829787234,85.11%
ID 24050,202280,ID,CAED,ARCH,108.0,9.0,10.0,127.0,0.8503937007874016,85.04%
MUS 10469,202310,MUS,CotA,MUS,34.0,1.0,5.0,40.0,0.85,85.00%
CMGT 11015,202380,CMGT,CAED,ARCH,34.0,5.0,1.0,40.0,0.85,85.00%
ARCS 26039,202380,ARCS,CAED,ARCH,17.0,2.0,1.0,20.0,0.85,85.00%
THEA 25866,202280,THEA,CotA,THDN,17.0,1.0,2.0,20.0,0.85,85.00%
MDJ 25946,202380,MDJ,CCI,MDJ,85.0,9.0,6.0,100.0,0.85,85.00%
CMGT 11015,202580,CMGT,CAED,ARCH,34.0,2.0,4.0,40.0,0.85,85.00%
VCD 17213,202510,VCD,CCI,VCD,34.0,3.0,3.0,40.0,0.85,85.00%
THEA 29275,202380,THEA,CotA,THDN,45.0,5.0,3.0,53.0,0.8490566037735849,84.91%
VCD 18414,202610,VCD,CCI,VCD,28.0,3.0,2.0,33.0,0.8484848484848485,84.85%
ARCH 29604,202510,ARCH,CAED,ARCH,67.0,7.0,5.0,79.0,0.8481012658227848,84.81%
ID 11937,202580,ID,CAED,ARCH,61.0,2.0,9.0,72.0,0.8472222222222222,84.72%
ARCH 13310,202610,ARCH,CAED,ARCH,83.0,9.0,6.0,98.0,0.8469387755102041,84.69%
FDM 19829,202610,FDM,CotA,FDM,94.0,11.0,6.0,111.0,0.8468468468468469,84.68%
ARCH 24669,202380,ARCH,CAED,ARCH,77.0,5.0,9.0,91.0,0.8461538461538461,84.62%
VCD 25988,202580,VCD,CCI,VCD,66.0,9.0,3.0,78.0,0.8461538461538461,84.62%
ARCS 26039,202280,ARCS,CAED,ARCH,11.0,0.0,2.0,13.0,0.8461538461538461,84.62%
THEA 29566,202580,THEA,CotA,THDN,11.0,1.0,1.0,13.0,0.8461538461538461,84.62%
MDJ 12683,202310,MDJ,CCI,MDJ,33.0,4.0,2.0,39.0,0.8461538461538461,84.62%
MDJ 12062,202380,MDJ,CCI,MDJ,11.0,0.0,2.0,13.0,0.8461538461538461,84.62%
ARCH 14775,202610,ARCH,CAED,ARCH,71.0,6.0,7.0,84.0,0.8452380952380952,84.52%
FDM 20725,202310,FDM,CotA,FDM,136.0,17.0,8.0,161.0,0.84472049689441,84.47%
MDJ 28950,202580,MDJ,CCI,MDJ,87.0,8.0,8.0,103.0,0.8446601941747572,84.47%
ARTS 19694,202410,ARTS,CotA,ART,76.0,10.0,4.0,90.0,0.8444444444444444,84.44%
FDM 14111,202280,FDM,CotA,FDM,173.0,15.0,17.0,205.0,0.8439024390243902,84.39%
ART 21467,202480,ART,CotA,ART,54.0,4.0,6.0,64.0,0.84375,84.38%
ID 29543,202510,ID,CAED,ARCH,70.0,5.0,8.0,83.0,0.8433734939759037,84.34%
FDM 25884,202310,FDM,CotA,FDM,129.0,14.0,10.0,153.0,0.8431372549019608,84.31%
MDJ 13358,202610,MDJ,CCI,MDJ,86.0,11.0,5.0,102.0,0.8431372549019608,84.31%
ARTS 28482,202510,ARTS,CotA,ART,59.0,7.0,4.0,70.0,0.8428571428571429,84.29%
FDM 25693,202310,FDM,CotA,FDM,75.0,9.0,5.0,89.0,0.8426966292134831,84.27%
VCD 25988,202510,VCD,CCI,VCD,48.0,5.0,4.0,57.0,0.8421052631578947,84.21%
THEA 11654,202280,THEA,CotA,THDN,16.0,0.0,3.0,19.0,0.8421052631578947,84.21%
MDJ 21449,202380,MDJ,CCI,MDJ,16.0,2.0,1.0,19.0,0.8421052631578947,84.21%
FDM 14111,202480,FDM,CotA,FDM,148.0,14.0,14.0,176.0,0.8409090909090909,84.09%
MDJ 25459,202310,MDJ,CCI,MDJ,42.0,2.0,6.0,50.0,0.84,84.00%
THEA 15947,202280,THEA,CotA,THDN,21.0,0.0,4.0,25.0,0.84,84.00%
FDM 20907,202610,FDM,CotA,FDM,84.0,11.0,5.0,100.0,0.84,84.00%
MUS 10469,202510,MUS,CotA,MUS,42.0,5.0,3.0,50.0,0.84,84.00%
VCD 17656,202510,VCD,CCI,VCD,21.0,1.0,3.0,25.0,0.84,84.00%
FDM 29298,202380,FDM,CotA,FDM,177.0,16.0,18.0,211.0,0.8388625592417062,83.89%
THEA 13155,202480,THEA,CotA,THDN,26.0,1.0,4.0,31.0,0.8387096774193549,83.87%
THEA 25988,202310,THEA,CotA,THDN,26.0,3.0,2.0,31.0,0.8387096774193549,83.87%
MDJ 22796,202410,MDJ,CCI,MDJ,31.0,4.0,2.0,37.0,0.8378378378378378,83.78%
ARCH 11467,202480,ARCH,CAED,ARCH,279.0,28.0,26.0,333.0,0.8378378378378378,83.78%
FDM 19829,202310,FDM,CotA,FDM,72.0,9.0,5.0,86.0,0.8372093023255814,83.72%
THEA 17060,202480,THEA,CotA,THDN,36.0,5.0,2.0,43.0,0.8372093023255814,83.72%
THEA 17060,202280,THEA,CotA,THDN,36.0,6.0,1.0,43.0,0.8372093023255814,83.72%
THEA 22478,202510,THEA,CotA,THDN,36.0,3.0,4.0,43.0,0.8372093023255814,83.72%
MUS 23241,202380,MUS,CotA,MUS,472.0,54.0,38.0,564.0,0.8368794326241135,83.69%
MDJ 20288,202310,MDJ,CCI,MDJ,41.0,3.0,5.0,49.0,0.8367346938775511,83.67%
FDM 21467,202310,FDM,CotA,FDM,133.0,15.0,11.0,159.0,0.8364779874213837,83.65%
ART 21467,202580,ART,CotA,ART,51.0,6.0,4.0,61.0,0.8360655737704918,83.61%
FDM 12721,202410,FDM,CotA,FDM,127.0,10.0,15.0,152.0,0.8355263157894737,83.55%
ART 29123,202280,ART,CotA,ART,76.0,5.0,10.0,91.0,0.8351648351648352,83.52%
FDM 25693,202380,FDM,CotA,FDM,131.0,14.0,12.0,157.0,0.8343949044585988,83.44%
THEA 22478,202280,THEA,CotA,THDN,10.0,1.0,1.0,12.0,0.8333333333333334,83.33%
FDM 23628,202280,FDM,CotA,FDM,95.0,10.0,9.0,114.0,0.8333333333333334,83.33%
VCD 24327,202610,VCD,CCI,VCD,55.0,8.0,3.0,66.0,0.8333333333333334,83.33%
AED 22860,202410,AED,CAED,ARCH,10.0,1.0,1.0,12.0,0.8333333333333334,83.33%
ARCS 12721,202310,ARCS,CAED,ARCH,10.0,0.0,2.0,12.0,0.8333333333333334,83.33%
DAN 13945,202380,DAN,CotA,THDN,15.0,2.0,1.0,18.0,0.8333333333333334,83.33%
EMAT 12670,202410,EMAT,CCI,EMAT,15.0,1.0,2.0,18.0,0.8333333333333334,83.33%
ARCS 11014,202610,ARCS,CAED,ARCH,10.0,2.0,0.0,12.0,0.8333333333333334,83.33%
EMAT 12670,202610,EMAT,CCI,EMAT,20.0,2.0,2.0,24.0,0.8333333333333334,83.33%
ARTS 22958,202610,ARTS,CotA,ART,55.0,9.0,2.0,66.0,0.8333333333333334,83.33%
VCD 19588,202510,VCD,CCI,VCD,90.0,9.0,9.0,108.0,0.8333333333333334,83.33%
THEA 14029,202310,THEA,CotA,THDN,15.0,3.0,0.0,18.0,0.8333333333333334,83.33%
ARTH 14683,202410,ARTH,CotA,ART,55.0,7.0,4.0,66.0,0.8333333333333334,83.33%
ARTH 14683,202610,ARTH,CotA,ART,55.0,4.0,7.0,66.0,0.8333333333333334,83.33%
THEA 20655,202580,THEA,CotA,THDN,35.0,1.0,6.0,42.0,0.8333333333333334,83.33%
MDJ 25946,202610,MDJ,CCI,MDJ,49.0,6.0,4.0,59.0,0.8305084745762712,83.05%
VCD 24327,202410,VCD,CCI,VCD,98.0,8.0,12.0,118.0,0.8305084745762712,83.05%
FDM 12681,202580,FDM,CotA,FDM,93.0,9.0,10.0,112.0,0.8303571428571429,83.04%
FDM 18819,202380,FDM,CotA,FDM,68.0,9.0,5.0,82.0,0.8292682926829268,82.93%
THEA 22915,202380,THEA,CotA,THDN,34.0,4.0,3.0,41.0,0.8292682926829268,82.93%
FDM 12670,202310,FDM,CotA,FDM,145.0,16.0,14.0,175.0,0.8285714285714286,82.86%
ARCH 13310,202310,ARCH,CAED,ARCH,82.0,11.0,6.0,99.0,0.8282828282828283,82.83%
EMAT 19538,202410,EMAT,CCI,EMAT,144.0,18.0,12.0,174.0,0.8275862068965517,82.76%
MDJ 25865,202480,MDJ,CCI,MDJ,24.0,3.0,2.0,29.0,0.8275862068965517,82.76%
COMM 21241,202480,COMM,CCI,COMM,48.0,4.0,6.0,58.0,0.8275862068965517,82.76%
VCD 19588,202410,VCD,CCI,VCD,91.0,12.0,7.0,110.0,0.8272727272727273,82.73%
VCD 20802,202480,VCD,CCI,VCD,81.0,10.0,7.0,98.0,0.826530612244898,82.65%
ARCH 24669,202480,ARCH,CAED,ARCH,76.0,9.0,7.0,92.0,0.8260869565217391,82.61%
ART 20725,202380,ART,CotA,ART,38.0,3.0,5.0,46.0,0.8260869565217391,82.61%
CMGT 17964,202610,CMGT,CAED,ARCH,85.0,12.0,6.0,103.0,0.8252427184466019,82.52%
CMGT 11015,202280,CMGT,CAED,ARCH,33.0,3.0,4.0,40.0,0.825,82.50%
VCD 20802,202410,VCD,CCI,VCD,33.0,2.0,5.0,40.0,0.825,82.50%
MDJ 25459,202410,MDJ,CCI,MDJ,33.0,2.0,5.0,40.0,0.825,82.50%
ARCH 29604,202310,ARCH,CAED,ARCH,80.0,11.0,6.0,97.0,0.8247422680412371,82.47%
ID 15409,202510,ID,CAED,ARCH,47.0,7.0,3.0,57.0,0.8245614035087719,82.46%
FDM 12681,202280,FDM,CotA,FDM,75.0,10.0,6.0,91.0,0.8241758241758241,82.42%
CCI 11716,202380,CCI,CCI,CCI,103.0,13.0,9.0,125.0,0.824,82.40%
ARCH 16841,202280,ARCH,CAED,ARCH,313.0,42.0,25.0,380.0,0.8236842105263158,82.37%
FDM 23628,202580,FDM,CotA,FDM,84.0,7.0,11.0,102.0,0.8235294117647058,82.35%
ARCH 24669,202580,ARCH,CAED,ARCH,98.0,14.0,7.0,119.0,0.8235294117647058,82.35%
MUS 25988,202380,MUS,CotA,MUS,28.0,3.0,3.0,34.0,0.8235294117647058,82.35%
ARCS 29348,202510,ARCS,CAED,ARCH,14.0,1.0,2.0,17.0,0.8235294117647058,82.35%
VCD 28950,202480,VCD,CCI,VCD,111.0,13.0,11.0,135.0,0.8222222222222222,82.22%
FDM 29298,202410,FDM,CotA,FDM,157.0,19.0,15.0,191.0,0.8219895287958116,82.20%
ARTS 28507,202380,ARTS,CotA,ART,106.0,13.0,10.0,129.0,0.8217054263565892,82.17%
MDJ 28950,202410,MDJ,CCI,MDJ,46.0,6.0,4.0,56.0,0.8214285714285714,82.14%
FDM 23628,202610,FDM,CotA,FDM,46.0,6.0,4.0,56.0,0.8214285714285714,82.14%
THEA 22915,202510,THEA,CotA,THDN,23.0,3.0,2.0,28.0,0.8214285714285714,82.14%
ARTS 26965,202580,ARTS,CotA,ART,32.0,2.0,5.0,39.0,0.8205128205128205,82.05%
MDJ 11788,202310,MDJ,CCI,MDJ,32.0,3.0,4.0,39.0,0.8205128205128205,82.05%
MDJ 25865,202610,MDJ,CCI,MDJ,32.0,4.0,3.0,39.0,0.8205128205128205,82.05%
MDJ 28950,202280,MDJ,CCI,MDJ,64.0,6.0,8.0,78.0,0.8205128205128205,82.05%
ARTH 17400,202410,ARTH,CotA,ART,283.0,37.0,25.0,345.0,0.8202898550724638,82.03%
VCD 13182,202410,VCD,CCI,VCD,73.0,8.0,8.0,89.0,0.8202247191011236,82.02%
FDM 20725,202380,FDM,CotA,FDM,146.0,15.0,17.0,178.0,0.8202247191011236,82.02%
ID 13310,202380,ID,CAED,ARCH,73.0,7.0,9.0,89.0,0.8202247191011236,82.02%
ARCH 13310,202510,ARCH,CAED,ARCH,109.0,15.0,9.0,133.0,0.8195488721804511,81.95%
AED 22860,202580,AED,CAED,ARCH,68.0,8.0,7.0,83.0,0.8192771084337349,81.93%
CMGT 17964,202410,CMGT,CAED,ARCH,68.0,7.0,8.0,83.0,0.8192771084337349,81.93%
ARCH 15217,202510,ARCH,CAED,ARCH,136.0,13.0,17.0,166.0,0.8192771084337349,81.93%
VCD 28950,202280,VCD,CCI,VCD,140.0,18.0,13.0,171.0,0.8187134502923976,81.87%
ARTS 19694,202380,ARTS,CotA,ART,36.0,6.0,2.0,44.0,0.8181818181818182,81.82%
FDM 13023,202480,FDM,CotA,FDM,162.0,22.0,14.0,198.0,0.8181818181818182,81.82%
COMM 21241,202510,COMM,CCI,COMM,45.0,2.0,8.0,55.0,0.8181818181818182,81.82%
ID 13310,202280,ID,CAED,ARCH,99.0,9.0,13.0,121.0,0.8181818181818182,81.82%
EMAT 12670,202510,EMAT,CCI,EMAT,18.0,1.0,3.0,22.0,0.8181818181818182,81.82%
AED 22860,202610,AED,CAED,ARCH,9.0,1.0,1.0,11.0,0.8181818181818182,81.82%
VCD 17656,202280,VCD,CCI,VCD,27.0,5.0,1.0,33.0,0.8181818181818182,81.82%
ARTH 17400,202480,ARTH,CotA,ART,314.0,39.0,31.0,384.0,0.8177083333333334,81.77%
FDM 12670,202580,FDM,CotA,FDM,242.0,33.0,21.0,296.0,0.8175675675675675,81.76%
MUS 23241,202280,MUS,CotA,MUS,478.0,62.0,45.0,585.0,0.8170940170940171,81.71%
CMGT 23815,202580,CMGT,CAED,ARCH,67.0,8.0,7.0,82.0,0.8170731707317073,81.71%
ID 21822,202580,ID,CAED,ARCH,58.0,8.0,5.0,71.0,0.8169014084507042,81.69%
EMAT 26013,202510,EMAT,CCI,EMAT,49.0,9.0,2.0,60.0,0.8166666666666667,81.67%
MDJ 20627,202580,MDJ,CCI,MDJ,49.0,8.0,3.0,60.0,0.8166666666666667,81.67%
FDM 20725,202510,FDM,CotA,FDM,120.0,15.0,12.0,147.0,0.8163265306122449,81.63%
MDJ 28436,202510,MDJ,CCI,MDJ,40.0,3.0,6.0,49.0,0.8163265306122449,81.63%
VCD 19588,202580,VCD,CCI,VCD,142.0,22.0,10.0,174.0,0.8160919540229885,81.61%
FDM 27868,202280,FDM,CotA,FDM,71.0,9.0,7.0,87.0,0.8160919540229885,81.61%
CCI 11716,202310,CCI,CCI,CCI,84.0,11.0,8.0,103.0,0.8155339805825242,81.55%
AED 22860,202280,AED,CAED,ARCH,84.0,6.0,13.0,103.0,0.8155339805825242,81.55%
ART 21467,202380,ART,CotA,ART,53.0,9.0,3.0,65.0,0.8153846153846154,81.54%
ART 21467,202280,ART,CotA,ART,22.0,3.0,2.0,27.0,0.8148148148148148,81.48%
MUS 12716,202480,MUS,CotA,MUS,372.0,47.0,38.0,457.0,0.8140043763676149,81.40%
MDJ 12683,202410,MDJ,CCI,MDJ,35.0,4.0,4.0,43.0,0.813953488372093,81.40%
EMAT 26013,202410,EMAT,CCI,EMAT,48.0,3.0,8.0,59.0,0.8135593220338984,81.36%
FDM 23628,202480,FDM,CotA,FDM,87.0,13.0,7.0,107.0,0.8130841121495327,81.31%
MUS 28740,202610,MUS,CotA,MUS,26.0,5.0,1.0,32.0,0.8125,81.25%
FDM 13023,202280,FDM,CotA,FDM,208.0,22.0,26.0,256.0,0.8125,81.25%
FDM 20725,202410,FDM,CotA,FDM,169.0,17.0,22.0,208.0,0.8125,81.25%
ARCH 19059,202310,ARCH,CAED,ARCH,13.0,1.0,2.0,16.0,0.8125,81.25%
ARCH 19059,202280,ARCH,CAED,ARCH,91.0,12.0,9.0,112.0,0.8125,81.25%
ARCS 13373,202480,ARCS,CAED,ARCH,13.0,0.0,3.0,16.0,0.8125,81.25%
MUS 12716,202380,MUS,CotA,MUS,333.0,40.0,37.0,410.0,0.8121951219512196,81.22%
ARTH 12842,202480,ARTH,CotA,ART,281.0,35.0,30.0,346.0,0.8121387283236994,81.21%
MDJ 13358,202310,MDJ,CCI,MDJ,69.0,10.0,6.0,85.0,0.8117647058823529,81.18%
FDM 13023,202510,FDM,CotA,FDM,125.0,10.0,19.0,154.0,0.8116883116883117,81.17%
VCD 18839,202310,VCD,CCI,VCD,99.0,15.0,8.0,122.0,0.8114754098360656,81.15%
ARCH 16841,202410,ARCH,CAED,ARCH,413.0,52.0,44.0,509.0,0.8113948919449901,81.14%
FDM 24923,202510,FDM,CotA,FDM,146.0,19.0,15.0,180.0,0.8111111111111111,81.11%
FDM 18819,202410,FDM,CotA,FDM,90.0,13.0,8.0,111.0,0.8108108108108109,81.08%
ARTS 28507,202410,ARTS,CotA,ART,60.0,7.0,7.0,74.0,0.8108108108108109,81.08%
VCD 18839,202380,VCD,CCI,VCD,47.0,5.0,6.0,58.0,0.8103448275862069,81.03%
MUS 23241,202510,MUS,CotA,MUS,470.0,56.0,54.0,580.0,0.8103448275862069,81.03%
EMAT 21440,202280,EMAT,CCI,EMAT,47.0,6.0,5.0,58.0,0.8103448275862069,81.03%
FDM 20907,202410,FDM,CotA,FDM,111.0,14.0,12.0,137.0,0.8102189781021898,81.02%
FDM 25884,202380,FDM,CotA,FDM,170.0,22.0,18.0,210.0,0.8095238095238095,80.95%
THEA 15947,202510,THEA,CotA,THDN,17.0,2.0,2.0,21.0,0.8095238095238095,80.95%
THEA 11654,202380,THEA,CotA,THDN,17.0,1.0,3.0,21.0,0.8095238095238095,80.95%
MUS 12459,202580,MUS,CotA,MUS,17.0,1.0,3.0,21.0,0.8095238095238095,80.95%
FDM 19829,202410,FDM,CotA,FDM,119.0,15.0,13.0,147.0,0.8095238095238095,80.95%
ART 21467,202410,ART,CotA,ART,51.0,6.0,6.0,63.0,0.8095238095238095,80.95%
VCD 17213,202480,VCD,CCI,VCD,34.0,3.0,5.0,42.0,0.8095238095238095,80.95%
ARTH 17400,202310,ARTH,CotA,ART,250.0,26.0,33.0,309.0,0.8090614886731392,80.91%
CMGT 16841,202610,CMGT,CAED,ARCH,55.0,6.0,7.0,68.0,0.8088235294117647,80.88%
MUS 12716,202580,MUS,CotA,MUS,317.0,38.0,37.0,392.0,0.8086734693877551,80.87%
FDM 25884,202510,FDM,CotA,FDM,114.0,14.0,13.0,141.0,0.8085106382978723,80.85%
FDM 12670,202280,FDM,CotA,FDM,194.0,26.0,20.0,240.0,0.8083333333333333,80.83%
FDM 13023,202410,FDM,CotA,FDM,139.0,20.0,13.0,172.0,0.8081395348837209,80.81%
MDJ 25946,202280,MDJ,CCI,MDJ,80.0,13.0,6.0,99.0,0.8080808080808081,80.81%
CMGT 16841,202310,CMGT,CAED,ARCH,42.0,4.0,6.0,52.0,0.8076923076923077,80.77%
MDJ 17554,202480,MDJ,CCI,MDJ,42.0,8.0,2.0,52.0,0.8076923076923077,80.77%
MDJ 13358,202580,MDJ,CCI,MDJ,63.0,7.0,8.0,78.0,0.8076923076923077,80.77%
ID 19883,202510,ID,CAED,ARCH,67.0,7.0,9.0,83.0,0.8072289156626506,80.72%
FDM 12670,202610,FDM,CotA,FDM,71.0,12.0,5.0,88.0,0.8068181818181818,80.68%
ARTH 17400,202510,ARTH,CotA,ART,267.0,29.0,35.0,331.0,0.8066465256797583,80.66%
AED 22860,202480,AED,CAED,ARCH,75.0,11.0,7.0,93.0,0.8064516129032258,80.65%
ARCH 14775,202410,ARCH,CAED,ARCH,79.0,10.0,9.0,98.0,0.8061224489795918,80.61%
VCD 28950,202610,VCD,CCI,VCD,29.0,3.0,4.0,36.0,0.8055555555555556,80.56%
ARCH 22860,202580,ARCH,CAED,ARCH,116.0,15.0,13.0,144.0,0.8055555555555556,80.56%
MDJ 28984,202580,MDJ,CCI,MDJ,120.0,17.0,12.0,149.0,0.8053691275167785,80.54%
FDM 12681,202310,FDM,CotA,FDM,120.0,17.0,12.0,149.0,0.8053691275167785,80.54%
VCD 28950,202310,VCD,CCI,VCD,62.0,6.0,9.0,77.0,0.8051948051948052,80.52%
VCD 25988,202610,VCD,CCI,VCD,37.0,7.0,2.0,46.0,0.8043478260869565,80.43%
THEA 22559,202480,THEA,CotA,THDN,41.0,4.0,6.0,51.0,0.803921568627451,80.39%
THEA 22559,202310,THEA,CotA,THDN,41.0,6.0,4.0,51.0,0.803921568627451,80.39%
MDJ 15027,202380,MDJ,CCI,MDJ,500.0,58.0,64.0,622.0,0.8038585209003215,80.39%
VCD 24327,202310,VCD,CCI,VCD,86.0,9.0,12.0,107.0,0.8037383177570093,80.37%
COMM 17591,202610,COMM,CCI,COMM,532.0,63.0,67.0,662.0,0.8036253776435045,80.36%
EMAT 26013,202480,EMAT,CCI,EMAT,45.0,9.0,2.0,56.0,0.8035714285714286,80.36%
FDM 29003,202410,FDM,CotA,FDM,143.0,16.0,19.0,178.0,0.8033707865168539,80.34%
ARTS 28507,202610,ARTS,CotA,ART,49.0,7.0,5.0,61.0,0.8032786885245902,80.33%
MDJ 25946,202510,MDJ,CCI,MDJ,49.0,6.0,6.0,61.0,0.8032786885245902,80.33%
ARTH 12842,202410,ARTH,CotA,ART,196.0,21.0,27.0,244.0,0.8032786885245902,80.33%
ARTS 28507,202310,ARTS,CotA,ART,57.0,6.0,8.0,71.0,0.8028169014084507,80.28%
VCD 25988,202480,VCD,CCI,VCD,57.0,10.0,4.0,71.0,0.8028169014084507,80.28%
MDJ 28950,202380,MDJ,CCI,MDJ,61.0,7.0,8.0,76.0,0.8026315789473685,80.26%
MDJ 13358,202410,MDJ,CCI,MDJ,73.0,11.0,7.0,91.0,0.8021978021978022,80.22%
COMM 17591,202380,COMM,CCI,COMM,981.0,120.0,122.0,1223.0,0.8021259198691741,80.21%
COMM 17591,202580,COMM,CCI,COMM,1118.0,141.0,135.0,1394.0,0.8020086083213773,80.20%
ARCH 16841,202610,ARCH,CAED,ARCH,279.0,43.0,26.0,348.0,0.8017241379310345,80.17%
ARCH 15217,202310,ARCH,CAED,ARCH,109.0,12.0,15.0,136.0,0.8014705882352942,80.15%
MDJ 15027,202610,MDJ,CCI,MDJ,327.0,40.0,41.0,408.0,0.8014705882352942,80.15%
ARTH 12842,202310,ARTH,CotA,ART,218.0,31.0,23.0,272.0,0.8014705882352942,80.15%
FDM 14111,202610,FDM,CotA,FDM,125.0,21.0,10.0,156.0,0.8012820512820513,80.13%
FDM 25693,202480,FDM,CotA,FDM,133.0,18.0,15.0,166.0,0.8012048192771084,80.12%
FDM 24923,202380,FDM,CotA,FDM,165.0,20.0,21.0,206.0,0.8009708737864077,80.10%
ARCH 16841,202480,ARCH,CAED,ARCH,469.0,65.0,52.0,586.0,0.8003412969283277,80.03%
MDJ 21449,202580,MDJ,CCI,MDJ,16.0,2.0,2.0,20.0,0.8,80.00%
THEA 19134,202280,THEA,CotA,THDN,32.0,3.0,5.0,40.0,0.8,80.00%
VCD 18414,202410,VCD,CCI,VCD,36.0,4.0,5.0,45.0,0.8,80.00%
VCD 18839,202610,VCD,CCI,VCD,80.0,14.0,6.0,100.0,0.8,80.00%
VCD 19343,202380,VCD,CCI,VCD,20.0,2.0,3.0,25.0,0.8,80.00%
CMGT 19400,202310,CMGT,CAED,ARCH,64.0,10.0,6.0,80.0,0.8,80.00%
MDJ 28950,202310,MDJ,CCI,MDJ,36.0,3.0,6.0,45.0,0.8,80.00%
MDJ 28436,202610,MDJ,CCI,MDJ,32.0,5.0,3.0,40.0,0.8,80.00%
DAN 13945,202280,DAN,CotA,THDN,8.0,0.0,2.0,10.0,0.8,80.00%
EMAT 12670,202580,EMAT,CCI,EMAT,16.0,1.0,3.0,20.0,0.8,80.00%
EMAT 19538,202310,EMAT,CCI,EMAT,164.0,24.0,17.0,205.0,0.8,80.00%
EMAT 19538,202380,EMAT,CCI,EMAT,140.0,13.0,22.0,175.0,0.8,80.00%
THEA 22478,202380,THEA,CotA,THDN,8.0,2.0,0.0,10.0,0.8,80.00%
VCD 17656,202480,VCD,CCI,VCD,24.0,3.0,3.0,30.0,0.8,80.00%
THEA 17060,202410,THEA,CotA,THDN,28.0,4.0,3.0,35.0,0.8,80.00%
THEA 17060,202510,THEA,CotA,THDN,36.0,4.0,5.0,45.0,0.8,80.00%
THEA 25303,202580,THEA,CotA,THDN,12.0,3.0,0.0,15.0,0.8,80.00%
VCD 19588,202610,VCD,CCI,VCD,68.0,10.0,7.0,85.0,0.8,80.00%
MUS 28740,202410,MUS,CotA,MUS,28.0,5.0,2.0,35.0,0.8,80.00%
MUS 22669,202410,MUS,CotA,MUS,32.0,6.0,2.0,40.0,0.8,80.00%
MDJ 12062,202510,MDJ,CCI,MDJ,16.0,1.0,3.0,20.0,0.8,80.00%
FDM 12670,202480,FDM,CotA,FDM,246.0,30.0,32.0,308.0,0.7987012987012987,79.87%
VCD 18839,202410,VCD,CCI,VCD,107.0,14.0,13.0,134.0,0.7985074626865671,79.85%
MUS 12716,202610,MUS,CotA,MUS,305.0,46.0,31.0,382.0,0.7984293193717278,79.84%
FDM 11617,202610,FDM,CotA,FDM,166.0,30.0,12.0,208.0,0.7980769230769231,79.81%
CCI 11716,202410,CCI,CCI,CCI,79.0,11.0,9.0,99.0,0.797979797979798,79.80%
EMAT 19538,202510,EMAT,CCI,EMAT,142.0,11.0,25.0,178.0,0.797752808988764,79.78%
FDM 29003,202580,FDM,CotA,FDM,71.0,10.0,8.0,89.0,0.797752808988764,79.78%
ARCH 16841,202510,ARCH,CAED,ARCH,414.0,54.0,51.0,519.0,0.7976878612716763,79.77%
ID 19670,202410,ID,CAED,ARCH,63.0,6.0,10.0,79.0,0.7974683544303798,79.75%
FDM 13023,202380,FDM,CotA,FDM,181.0,26.0,20.0,227.0,0.7973568281938326,79.74%
MDJ 15027,202410,MDJ,CCI,MDJ,334.0,40.0,45.0,419.0,0.7971360381861575,79.71%
MDJ 20627,202410,MDJ,CCI,MDJ,55.0,9.0,5.0,69.0,0.7971014492753623,79.71%
FDM 25884,202280,FDM,CotA,FDM,192.0,23.0,26.0,241.0,0.7966804979253111,79.67%
MUS 12716,202310,MUS,CotA,MUS,329.0,44.0,40.0,413.0,0.7966101694915254,79.66%
FDM 25884,202610,FDM,CotA,FDM,141.0,21.0,15.0,177.0,0.7966101694915254,79.66%
COMM 17591,202310,COMM,CCI,COMM,516.0,71.0,61.0,648.0,0.7962962962962963,79.63%
FDM 20907,202310,FDM,CotA,FDM,129.0,15.0,18.0,162.0,0.7962962962962963,79.63%
FDM 17764,202480,FDM,CotA,FDM,140.0,22.0,14.0,176.0,0.7954545454545454,79.55%
VCD 24327,202280,VCD,CCI,VCD,35.0,5.0,4.0,44.0,0.7954545454545454,79.55%
THEA 26012,202280,THEA,CotA,THDN,35.0,5.0,4.0,44.0,0.7954545454545454,79.55%
ARCH 29604,202410,ARCH,CAED,ARCH,70.0,11.0,7.0,88.0,0.7954545454545454,79.55%
MDJ 12683,202380,MDJ,CCI,MDJ,35.0,2.0,7.0,44.0,0.7954545454545454,79.55%
FDM 20725,202280,FDM,CotA,FDM,206.0,29.0,24.0,259.0,0.7953667953667953,79.54%
VCD 25988,202380,VCD,CCI,VCD,66.0,6.0,11.0,83.0,0.7951807228915663,79.52%
EMAT 19538,202610,EMAT,CCI,EMAT,132.0,24.0,10.0,166.0,0.7951807228915663,79.52%
FDM 12721,202610,FDM,CotA,FDM,97.0,12.0,13.0,122.0,0.7950819672131147,79.51%
FDM 11617,202580,FDM,CotA,FDM,159.0,22.0,19.0,200.0,0.795,79.50%
ID 13889,202410,ID,CAED,ARCH,62.0,11.0,5.0,78.0,0.7948717948717948,79.49%
FDM 13023,202310,FDM,CotA,FDM,139.0,17.0,19.0,175.0,0.7942857142857143,79.43%
FDM 11617,202410,FDM,CotA,FDM,139.0,16.0,20.0,175.0,0.7942857142857143,79.43%
FDM 24923,202480,FDM,CotA,FDM,139.0,15.0,21.0,175.0,0.7942857142857143,79.43%
FDM 21467,202410,FDM,CotA,FDM,166.0,21.0,22.0,209.0,0.7942583732057417,79.43%
FDM 18819,202280,FDM,CotA,FDM,81.0,11.0,10.0,102.0,0.7941176470588235,79.41%
FDM 20725,202580,FDM,CotA,FDM,154.0,21.0,19.0,194.0,0.7938144329896907,79.38%
MDJ 25946,202310,MDJ,CCI,MDJ,50.0,7.0,6.0,63.0,0.7936507936507936,79.37%
FDM 27868,202510,FDM,CotA,FDM,73.0,11.0,8.0,92.0,0.7934782608695652,79.35%
ARCH 13310,202410,ARCH,CAED,ARCH,73.0,7.0,12.0,92.0,0.7934782608695652,79.35%
ARTH 12842,202510,ARTH,CotA,ART,215.0,27.0,29.0,271.0,0.7933579335793358,79.34%
FDM 29298,202610,FDM,CotA,FDM,142.0,24.0,13.0,179.0,0.7932960893854749,79.33%
ARCH 29604,202610,ARCH,CAED,ARCH,69.0,11.0,7.0,87.0,0.7931034482758621,79.31%
THEA 22559,202380,THEA,CotA,THDN,42.0,4.0,7.0,53.0,0.7924528301886793,79.25%
VCD 28950,202410,VCD,CCI,VCD,42.0,3.0,8.0,53.0,0.7924528301886793,79.25%
MUS 12716,202510,MUS,CotA,MUS,351.0,43.0,49.0,443.0,0.7923250564334086,79.23%
ARCH 16841,202310,ARCH,CAED,ARCH,370.0,52.0,45.0,467.0,0.7922912205567452,79.23%
FDM 24923,202410,FDM,CotA,FDM,141.0,22.0,15.0,178.0,0.7921348314606742,79.21%
FDM 13023,202580,FDM,CotA,FDM,160.0,26.0,16.0,202.0,0.7920792079207921,79.21%
MDJ 15027,202480,MDJ,CCI,MDJ,460.0,60.0,61.0,581.0,0.7917383820998278,79.17%
FDM 17764,202310,FDM,CotA,FDM,19.0,3.0,2.0,24.0,0.7916666666666666,79.17%
THEA 18720,202610,THEA,CotA,THDN,19.0,2.0,3.0,24.0,0.7916666666666666,79.17%
MUS 23241,202580,MUS,CotA,MUS,425.0,67.0,45.0,537.0,0.7914338919925512,79.14%
COMM 17591,202280,COMM,CCI,COMM,994.0,136.0,126.0,1256.0,0.7914012738853503,79.14%
MUS 28740,202510,MUS,CotA,MUS,34.0,6.0,3.0,43.0,0.7906976744186046,79.07%
FDM 21467,202510,FDM,CotA,FDM,117.0,16.0,15.0,148.0,0.7905405405405406,79.05%
MUS 20682,202610,MUS,CotA,MUS,83.0,15.0,7.0,105.0,0.7904761904761904,79.05%
FDM 24923,202580,FDM,CotA,FDM,162.0,27.0,16.0,205.0,0.7902439024390244,79.02%
ARTS 28482,202480,ARTS,CotA,ART,64.0,5.0,12.0,81.0,0.7901234567901234,79.01%
FDM 29298,202480,FDM,CotA,FDM,173.0,18.0,28.0,219.0,0.7899543378995434,79.00%
FDM 20725,202610,FDM,CotA,FDM,139.0,28.0,9.0,176.0,0.7897727272727273,78.98%
MDJ 22045,202580,MDJ,CCI,MDJ,15.0,0.0,4.0,19.0,0.7894736842105263,78.95%
MDJ 11788,202410,MDJ,CCI,MDJ,15.0,2.0,2.0,19.0,0.7894736842105263,78.95%
THEA 21764,202410,THEA,CotA,THDN,15.0,1.0,3.0,19.0,0.7894736842105263,78.95%
THEA 21764,202510,THEA,CotA,THDN,15.0,2.0,2.0,19.0,0.7894736842105263,78.95%
ARCH 11467,202380,ARCH,CAED,ARCH,266.0,41.0,30.0,337.0,0.7893175074183977,78.93%
VCD 19588,202380,VCD,CCI,VCD,187.0,33.0,17.0,237.0,0.7890295358649789,78.90%
FDM 21467,202610,FDM,CotA,FDM,142.0,23.0,15.0,180.0,0.7888888888888889,78.89%
ID 29543,202410,ID,CAED,ARCH,41.0,9.0,2.0,52.0,0.7884615384615384,78.85%
THEA 10881,202280,THEA,CotA,THDN,327.0,47.0,41.0,415.0,0.7879518072289157,78.80%
THEA 22915,202480,THEA,CotA,THDN,26.0,3.0,4.0,33.0,0.7878787878787878,78.79%
FDM 18819,202480,FDM,CotA,FDM,78.0,12.0,9.0,99.0,0.7878787878787878,78.79%
VCD 18414,202280,VCD,CCI,VCD,26.0,5.0,2.0,33.0,0.7878787878787878,78.79%
ARCH 11467,202280,ARCH,CAED,ARCH,226.0,32.0,29.0,287.0,0.7874564459930313,78.75%
FDM 24923,202280,FDM,CotA,FDM,163.0,20.0,24.0,207.0,0.7874396135265701,78.74%
FDM 11617,202280,FDM,CotA,FDM,200.0,27.0,27.0,254.0,0.7874015748031497,78.74%
COMM 17591,202510,COMM,CCI,COMM,496.0,69.0,65.0,630.0,0.7873015873015873,78.73%
THEA 10881,202310,THEA,CotA,THDN,233.0,38.0,25.0,296.0,0.7871621621621622,78.72%
ID 24050,202480,ID,CAED,ARCH,92.0,13.0,12.0,117.0,0.7863247863247863,78.63%
MUS 23241,202480,MUS,CotA,MUS,445.0,73.0,48.0,566.0,0.7862190812720848,78.62%
MUS 23241,202610,MUS,CotA,MUS,375.0,68.0,34.0,477.0,0.7861635220125787,78.62%
ARCS 11014,202310,ARCS,CAED,ARCH,11.0,2.0,1.0,14.0,0.7857142857142857,78.57%
THEA 22478,202580,THEA,CotA,THDN,55.0,10.0,5.0,70.0,0.7857142857142857,78.57%
MDJ 15027,202580,MDJ,CCI,MDJ,451.0,66.0,58.0,575.0,0.7843478260869565,78.43%
FDM 18819,202310,FDM,CotA,FDM,80.0,12.0,10.0,102.0,0.7843137254901961,78.43%
ID 15409,202310,ID,CAED,ARCH,40.0,3.0,8.0,51.0,0.7843137254901961,78.43%
MUS 23241,202410,MUS,CotA,MUS,480.0,77.0,55.0,612.0,0.7843137254901961,78.43%
THEA 22478,202310,THEA,CotA,THDN,40.0,4.0,7.0,51.0,0.7843137254901961,78.43%
FDM 18819,202580,FDM,CotA,FDM,58.0,8.0,8.0,74.0,0.7837837837837838,78.38%
MDJ 28984,202510,MDJ,CCI,MDJ,76.0,10.0,11.0,97.0,0.7835051546391752,78.35%
CMGT 21745,202510,CMGT,CAED,ARCH,94.0,15.0,11.0,120.0,0.7833333333333333,78.33%
ARTH 12842,202610,ARTH,CotA,ART,188.0,42.0,10.0,240.0,0.7833333333333333,78.33%
ARCH 15217,202410,ARCH,CAED,ARCH,112.0,12.0,19.0,143.0,0.7832167832167832,78.32%
MUS 23241,202310,MUS,CotA,MUS,466.0,60.0,69.0,595.0,0.7831932773109244,78.32%
MUS 12716,202410,MUS,CotA,MUS,278.0,45.0,32.0,355.0,0.7830985915492957,78.31%
FDM 25693,202580,FDM,CotA,FDM,101.0,11.0,17.0,129.0,0.7829457364341085,78.29%
VCD 24327,202380,VCD,CCI,VCD,36.0,5.0,5.0,46.0,0.782608695652174,78.26%
FDM 11617,202380,FDM,CotA,FDM,180.0,25.0,25.0,230.0,0.782608695652174,78.26%
FDM 13023,202610,FDM,CotA,FDM,162.0,32.0,13.0,207.0,0.782608695652174,78.26%
ARTS 28507,202280,ARTS,CotA,ART,90.0,15.0,10.0,115.0,0.782608695652174,78.26%
FDM 27868,202580,FDM,CotA,FDM,54.0,10.0,5.0,69.0,0.782608695652174,78.26%
MDJ 28436,202480,MDJ,CCI,MDJ,36.0,6.0,4.0,46.0,0.782608695652174,78.26%
FDM 14111,202510,FDM,CotA,FDM,140.0,22.0,17.0,179.0,0.7821229050279329,78.21%
FDM 11617,202310,FDM,CotA,FDM,140.0,18.0,21.0,179.0,0.7821229050279329,78.21%
FDM 20725,202480,FDM,CotA,FDM,183.0,29.0,22.0,234.0,0.782051282051282,78.21%
CCI 11716,202510,CCI,CCI,CCI,61.0,9.0,8.0,78.0,0.782051282051282,78.21%
ART 21467,202310,ART,CotA,ART,61.0,9.0,8.0,78.0,0.782051282051282,78.21%
FDM 29003,202510,FDM,CotA,FDM,122.0,21.0,13.0,156.0,0.782051282051282,78.21%
VCD 20802,202380,VCD,CCI,VCD,61.0,9.0,8.0,78.0,0.782051282051282,78.21%
FDM 20907,202280,FDM,CotA,FDM,43.0,8.0,4.0,55.0,0.7818181818181819,78.18%
ARTS 28482,202280,ARTS,CotA,ART,43.0,3.0,9.0,55.0,0.7818181818181819,78.18%
ID 11937,202280,ID,CAED,ARCH,43.0,7.0,5.0,55.0,0.7818181818181819,78.18%
ARTS 28507,202580,ARTS,CotA,ART,100.0,16.0,12.0,128.0,0.78125,78.12%
MDJ 28950,202610,MDJ,CCI,MDJ,25.0,6.0,1.0,32.0,0.78125,78.12%
FDM 12721,202310,FDM,CotA,FDM,107.0,14.0,16.0,137.0,0.781021897810219,78.10%
FDM 25884,202410,FDM,CotA,FDM,146.0,15.0,26.0,187.0,0.7807486631016043,78.07%
THEA 25988,202380,THEA,CotA,THDN,39.0,8.0,3.0,50.0,0.78,78.00%
VCD 13182,202610,VCD,CCI,VCD,39.0,9.0,2.0,50.0,0.78,78.00%
ID 19670,202310,ID,CAED,ARCH,39.0,2.0,9.0,50.0,0.78,78.00%
EMAT 21440,202310,EMAT,CCI,EMAT,46.0,7.0,6.0,59.0,0.7796610169491526,77.97%
FDM 24923,202610,FDM,CotA,FDM,120.0,24.0,10.0,154.0,0.7792207792207793,77.92%
MDJ 25946,202410,MDJ,CCI,MDJ,60.0,6.0,11.0,77.0,0.7792207792207793,77.92%
CMGT 16841,202480,CMGT,CAED,ARCH,67.0,8.0,11.0,86.0,0.7790697674418605,77.91%
FDM 12681,202480,FDM,CotA,FDM,81.0,13.0,10.0,104.0,0.7788461538461539,77.88%
FDM 12681,202380,FDM,CotA,FDM,95.0,17.0,10.0,122.0,0.7786885245901639,77.87%
FDM 29003,202310,FDM,CotA,FDM,116.0,18.0,15.0,149.0,0.7785234899328859,77.85%
MDJ 15027,202310,MDJ,CCI,MDJ,379.0,51.0,57.0,487.0,0.7782340862422998,77.82%
COMM 17591,202480,COMM,CCI,COMM,1080.0,172.0,136.0,1388.0,0.7780979827089337,77.81%
ARCH 22860,202280,ARCH,CAED,ARCH,84.0,18.0,6.0,108.0,0.7777777777777778,77.78%
ARCH 19059,202610,ARCH,CAED,ARCH,21.0,5.0,1.0,27.0,0.7777777777777778,77.78%
THEA 29275,202480,THEA,CotA,THDN,42.0,7.0,5.0,54.0,0.7777777777777778,77.78%
THEA 29566,202280,THEA,CotA,THDN,7.0,0.0,2.0,9.0,0.7777777777777778,77.78%
MDJ 22045,202380,MDJ,CCI,MDJ,14.0,2.0,2.0,18.0,0.7777777777777778,77.78%
MUS 20682,202410,MUS,CotA,MUS,7.0,2.0,0.0,9.0,0.7777777777777778,77.78%
CMGT 17964,202310,CMGT,CAED,ARCH,77.0,17.0,5.0,99.0,0.7777777777777778,77.78%
MDJ 22045,202280,MDJ,CCI,MDJ,14.0,2.0,2.0,18.0,0.7777777777777778,77.78%
ARCH 14841,202510,ARCH,CAED,ARCH,101.0,15.0,14.0,130.0,0.7769230769230769,77.69%
ARCH 22860,202380,ARCH,CAED,ARCH,94.0,14.0,13.0,121.0,0.7768595041322314,77.69%
MDJ 28984,202480,MDJ,CCI,MDJ,125.0,18.0,18.0,161.0,0.7763975155279503,77.64%
ARTH 12842,202580,ARTH,CotA,ART,229.0,41.0,25.0,295.0,0.7762711864406779,77.63%
MDJ 15027,202510,MDJ,CCI,MDJ,340.0,49.0,49.0,438.0,0.776255707762557,77.63%
VCD 20802,202280,VCD,CCI,VCD,45.0,9.0,4.0,58.0,0.7758620689655172,77.59%
VCD 18839,202510,VCD,CCI,VCD,83.0,10.0,14.0,107.0,0.7757009345794392,77.57%
ARCH 19059,202580,ARCH,CAED,ARCH,114.0,15.0,18.0,147.0,0.7755102040816326,77.55%
FDM 27868,202480,FDM,CotA,FDM,69.0,7.0,13.0,89.0,0.7752808988764045,77.53%
MDJ 22796,202580,MDJ,CCI,MDJ,31.0,5.0,4.0,40.0,0.775,77.50%
FDM 27868,202310,FDM,CotA,FDM,48.0,7.0,7.0,62.0,0.7741935483870968,77.42%
ARTS 19694,202580,ARTS,CotA,ART,48.0,9.0,5.0,62.0,0.7741935483870968,77.42%
ID 15409,202410,ID,CAED,ARCH,65.0,11.0,8.0,84.0,0.7738095238095238,77.38%
MUS 10469,202610,MUS,CotA,MUS,41.0,8.0,4.0,53.0,0.7735849056603774,77.36%
FDM 27868,202380,FDM,CotA,FDM,75.0,10.0,12.0,97.0,0.7731958762886598,77.32%
FDM 12670,202510,FDM,CotA,FDM,75.0,14.0,8.0,97.0,0.7731958762886598,77.32%
FDM 29298,202510,FDM,CotA,FDM,109.0,15.0,17.0,141.0,0.7730496453900709,77.30%
VCD 17213,202410,VCD,CCI,VCD,17.0,4.0,1.0,22.0,0.7727272727272727,77.27%
THEA 25988,202280,THEA,CotA,THDN,34.0,6.0,4.0,44.0,0.7727272727272727,77.27%
THEA 20443,202310,THEA,CotA,THDN,17.0,1.0,4.0,22.0,0.7727272727272727,77.27%
VCD 19588,202280,VCD,CCI,VCD,183.0,28.0,26.0,237.0,0.7721518987341772,77.22%
FDM 23628,202410,FDM,CotA,FDM,61.0,9.0,9.0,79.0,0.7721518987341772,77.22%
VCD 28950,202380,VCD,CCI,VCD,132.0,23.0,16.0,171.0,0.7719298245614035,77.19%
MDJ 20627,202310,MDJ,CCI,MDJ,54.0,10.0,6.0,70.0,0.7714285714285715,77.14%
VCD 18839,202580,VCD,CCI,VCD,27.0,5.0,3.0,35.0,0.7714285714285715,77.14%
VCD 19588,202310,VCD,CCI,VCD,91.0,16.0,11.0,118.0,0.7711864406779662,77.12%
MUS 12716,202280,MUS,CotA,MUS,421.0,64.0,61.0,546.0,0.7710622710622711,77.11%
MDJ 28436,202410,MDJ,CCI,MDJ,37.0,6.0,5.0,48.0,0.7708333333333334,77.08%
ID 15409,202610,ID,CAED,ARCH,47.0,11.0,3.0,61.0,0.7704918032786885,77.05%
ARTH 12842,202280,ARTH,CotA,ART,228.0,32.0,36.0,296.0,0.7702702702702703,77.03%
MDJ 13358,202480,MDJ,CCI,MDJ,57.0,10.0,7.0,74.0,0.7702702702702703,77.03%
MDJ 28984,202380,MDJ,CCI,MDJ,114.0,16.0,18.0,148.0,0.7702702702702703,77.03%
CMGT 17964,202510,CMGT,CAED,ARCH,67.0,11.0,9.0,87.0,0.7701149425287356,77.01%
ARCH 15217,202610,ARCH,CAED,ARCH,117.0,18.0,17.0,152.0,0.7697368421052632,76.97%
DAN 27345,202310,DAN,CotA,THDN,10.0,1.0,2.0,13.0,0.7692307692307693,76.92%
ARCS 13373,202380,ARCS,CAED,ARCH,10.0,3.0,0.0,13.0,0.7692307692307693,76.92%
FDM 19829,202280,FDM,CotA,FDM,50.0,7.0,8.0,65.0,0.7692307692307693,76.92%
ART 29123,202580,ART,CotA,ART,60.0,8.0,10.0,78.0,0.7692307692307693,76.92%
MDJ 21449,202410,MDJ,CCI,MDJ,30.0,5.0,4.0,39.0,0.7692307692307693,76.92%
MDJ 25865,202410,MDJ,CCI,MDJ,30.0,6.0,3.0,39.0,0.7692307692307693,76.92%
MUS 12689,202580,MUS,CotA,MUS,20.0,2.0,4.0,26.0,0.7692307692307693,76.92%
ARTH 23813,202280,ARTH,CotA,ART,10.0,1.0,2.0,13.0,0.7692307692307693,76.92%
VCD 17656,202580,VCD,CCI,VCD,20.0,3.0,3.0,26.0,0.7692307692307693,76.92%
CMGT 11015,202410,CMGT,CAED,ARCH,30.0,5.0,4.0,39.0,0.7692307692307693,76.92%
CMGT 11015,202610,CMGT,CAED,ARCH,30.0,5.0,4.0,39.0,0.7692307692307693,76.92%
FDM 19829,202510,FDM,CotA,FDM,113.0,20.0,14.0,147.0,0.7687074829931972,76.87%
ARCH 16841,202580,ARCH,CAED,ARCH,531.0,76.0,84.0,691.0,0.768451519536903,76.85%
CCI 11716,202580,CCI,CCI,CCI,73.0,14.0,8.0,95.0,0.7684210526315789,76.84%
MDJ 20288,202280,MDJ,CCI,MDJ,53.0,10.0,6.0,69.0,0.7681159420289855,76.81%
FDM 12681,202410,FDM,CotA,FDM,86.0,14.0,12.0,112.0,0.7678571428571429,76.79%
ARTH 17400,202610,ARTH,CotA,ART,205.0,46.0,16.0,267.0,0.7677902621722846,76.78%
ARTS 28507,202480,ARTS,CotA,ART,89.0,15.0,12.0,116.0,0.7672413793103449,76.72%
CMGT 23815,202280,CMGT,CAED,ARCH,56.0,8.0,9.0,73.0,0.7671232876712328,76.71%
MDJ 17554,202310,MDJ,CCI,MDJ,23.0,5.0,2.0,30.0,0.7666666666666667,76.67%
MDJ 25459,202280,MDJ,CCI,MDJ,23.0,4.0,3.0,30.0,0.7666666666666667,76.67%
CMGT 16841,202510,CMGT,CAED,ARCH,46.0,7.0,7.0,60.0,0.7666666666666667,76.67%
FDM 25693,202410,FDM,CotA,FDM,23.0,4.0,3.0,30.0,0.7666666666666667,76.67%
MDJ 17554,202410,MDJ,CCI,MDJ,23.0,5.0,2.0,30.0,0.7666666666666667,76.67%
VCD 17656,202410,VCD,CCI,VCD,23.0,4.0,3.0,30.0,0.7666666666666667,76.67%
MUS 10469,202410,MUS,CotA,MUS,46.0,8.0,6.0,60.0,0.7666666666666667,76.67%
MDJ 28984,202410,MDJ,CCI,MDJ,82.0,11.0,14.0,107.0,0.7663551401869159,76.64%
FDM 29298,202580,FDM,CotA,FDM,147.0,26.0,19.0,192.0,0.765625,76.56%
FDM 21467,202480,FDM,CotA,FDM,176.0,30.0,24.0,230.0,0.7652173913043478,76.52%
THEA 22559,202280,THEA,CotA,THDN,39.0,5.0,7.0,51.0,0.7647058823529411,76.47%
THEA 24282,202580,THEA,CotA,THDN,13.0,1.0,3.0,17.0,0.7647058823529411,76.47%
FDM 14111,202310,FDM,CotA,FDM,169.0,28.0,24.0,221.0,0.7647058823529411,76.47%
THEA 14029,202510,THEA,CotA,THDN,13.0,1.0,3.0,17.0,0.7647058823529411,76.47%
THEA 10123,202580,THEA,CotA,THDN,13.0,4.0,0.0,17.0,0.7647058823529411,76.47%
ARCS 29348,202410,ARCS,CAED,ARCH,13.0,2.0,2.0,17.0,0.7647058823529411,76.47%
FDM 25693,202610,FDM,CotA,FDM,26.0,2.0,6.0,34.0,0.7647058823529411,76.47%
COMM 21241,202280,COMM,CCI,COMM,39.0,5.0,7.0,51.0,0.7647058823529411,76.47%
THEA 11654,202480,THEA,CotA,THDN,13.0,3.0,1.0,17.0,0.7647058823529411,76.47%
ID 11937,202480,ID,CAED,ARCH,42.0,10.0,3.0,55.0,0.7636363636363637,76.36%
MUS 28860,202580,MUS,CotA,MUS,42.0,5.0,8.0,55.0,0.7636363636363637,76.36%
COMM 21241,202610,COMM,CCI,COMM,42.0,9.0,4.0,55.0,0.7636363636363637,76.36%
ARCH 16841,202380,ARCH,CAED,ARCH,426.0,70.0,62.0,558.0,0.7634408602150538,76.34%
EMAT 19538,202280,EMAT,CCI,EMAT,158.0,31.0,18.0,207.0,0.7632850241545893,76.33%
CMGT 11015,202480,CMGT,CAED,ARCH,29.0,6.0,3.0,38.0,0.7631578947368421,76.32%
MDJ 21449,202510,MDJ,CCI,MDJ,29.0,5.0,4.0,38.0,0.7631578947368421,76.32%
FDM 25884,202580,FDM,CotA,FDM,148.0,27.0,19.0,194.0,0.7628865979381443,76.29%
EMAT 12670,202310,EMAT,CCI,EMAT,16.0,3.0,2.0,21.0,0.7619047619047619,76.19%
THEA 22915,202410,THEA,CotA,THDN,16.0,3.0,2.0,21.0,0.7619047619047619,76.19%
EMAT 19538,202580,EMAT,CCI,EMAT,150.0,22.0,25.0,197.0,0.7614213197969543,76.14%
FDM 17764,202380,FDM,CotA,FDM,134.0,20.0,22.0,176.0,0.7613636363636364,76.14%
FDM 11617,202510,FDM,CotA,FDM,118.0,22.0,15.0,155.0,0.7612903225806451,76.13%
ARTS 28482,202410,ARTS,CotA,ART,51.0,9.0,7.0,67.0,0.7611940298507462,76.12%
CMGT 16841,202580,CMGT,CAED,ARCH,76.0,15.0,9.0,100.0,0.76,76.00%
MUS 22669,202310,MUS,CotA,MUS,19.0,2.0,4.0,25.0,0.76,76.00%
ID 19883,202410,ID,CAED,ARCH,38.0,4.0,8.0,50.0,0.76,76.00%
FDM 20907,202380,FDM,CotA,FDM,38.0,7.0,5.0,50.0,0.76,76.00%
MUS 28740,202310,MUS,CotA,MUS,19.0,2.0,4.0,25.0,0.76,76.00%
ARCH 19059,202380,ARCH,CAED,ARCH,95.0,15.0,15.0,125.0,0.76,76.00%
FDM 21467,202580,FDM,CotA,FDM,145.0,27.0,19.0,191.0,0.7591623036649214,75.92%
MDJ 28950,202480,MDJ,CCI,MDJ,63.0,12.0,8.0,83.0,0.7590361445783133,75.90%
ID 21822,202380,ID,CAED,ARCH,63.0,7.0,13.0,83.0,0.7590361445783133,75.90%
ARTH 12842,202380,ARTH,CotA,ART,258.0,40.0,42.0,340.0,0.7588235294117647,75.88%
EMAT 26013,202610,EMAT,CCI,EMAT,44.0,7.0,7.0,58.0,0.7586206896551724,75.86%
VCD 19588,202480,VCD,CCI,VCD,157.0,28.0,22.0,207.0,0.7584541062801933,75.85%
MDJ 25459,202380,MDJ,CCI,MDJ,25.0,4.0,4.0,33.0,0.7575757575757576,75.76%
MDJ 15027,202280,MDJ,CCI,MDJ,493.0,80.0,78.0,651.0,0.7572964669738863,75.73%
ID 24050,202580,ID,CAED,ARCH,78.0,11.0,14.0,103.0,0.7572815533980582,75.73%
FDM 29298,202280,FDM,CotA,FDM,184.0,26.0,33.0,243.0,0.757201646090535,75.72%
ART 29123,202480,ART,CotA,ART,62.0,12.0,8.0,82.0,0.7560975609756098,75.61%
MDJ 21449,202310,MDJ,CCI,MDJ,31.0,2.0,8.0,41.0,0.7560975609756098,75.61%
MUS 28860,202280,MUS,CotA,MUS,31.0,6.0,4.0,41.0,0.7560975609756098,75.61%
ARCH 19059,202480,ARCH,CAED,ARCH,133.0,20.0,23.0,176.0,0.7556818181818182,75.57%
ARTS 22958,202280,ARTS,CotA,ART,34.0,6.0,5.0,45.0,0.7555555555555555,75.56%
COMM 21241,202410,COMM,CCI,COMM,37.0,8.0,4.0,49.0,0.7551020408163265,75.51%
VCD 24327,202510,VCD,CCI,VCD,74.0,12.0,12.0,98.0,0.7551020408163265,75.51%
ARTS 19694,202610,ARTS,CotA,ART,77.0,15.0,10.0,102.0,0.7549019607843137,75.49%
FDM 29003,202610,FDM,CotA,FDM,77.0,13.0,12.0,102.0,0.7549019607843137,75.49%
VCD 13182,202480,VCD,CCI,VCD,40.0,6.0,7.0,53.0,0.7547169811320755,75.47%
ID 13889,202610,ID,CAED,ARCH,43.0,8.0,6.0,57.0,0.7543859649122807,75.44%
FDM 20907,202510,FDM,CotA,FDM,104.0,20.0,14.0,138.0,0.7536231884057971,75.36%
ID 13310,202580,ID,CAED,ARCH,55.0,9.0,9.0,73.0,0.7534246575342466,75.34%
VCD 13182,202310,VCD,CCI,VCD,58.0,8.0,11.0,77.0,0.7532467532467533,75.32%
COMM 17591,202410,COMM,CCI,COMM,467.0,92.0,61.0,620.0,0.7532258064516129,75.32%
ID 29543,202310,ID,CAED,ARCH,61.0,6.0,14.0,81.0,0.7530864197530864,75.31%
FDM 12721,202510,FDM,CotA,FDM,125.0,27.0,14.0,166.0,0.7530120481927711,75.30%
CMGT 16841,202280,CMGT,CAED,ARCH,67.0,10.0,12.0,89.0,0.7528089887640449,75.28%
MDJ 28984,202610,MDJ,CCI,MDJ,70.0,18.0,5.0,93.0,0.7526881720430108,75.27%
COMM 17213,202310,COMM,CCI,COMM,76.0,14.0,11.0,101.0,0.7524752475247525,75.25%
MDJ 25946,202480,MDJ,CCI,MDJ,82.0,13.0,14.0,109.0,0.7522935779816514,75.23%
MDJ 25946,202580,MDJ,CCI,MDJ,103.0,23.0,11.0,137.0,0.7518248175182481,75.18%
ARTH 17400,202280,ARTH,CotA,ART,244.0,37.0,44.0,325.0,0.7507692307692307,75.08%
ARTH 17400,202580,ARTH,CotA,ART,244.0,38.0,43.0,325.0,0.7507692307692307,75.08%
FDM 29298,202310,FDM,CotA,FDM,114.0,18.0,20.0,152.0,0.75,75.00%
THEA 10321,202580,THEA,CotA,THDN,18.0,4.0,2.0,24.0,0.75,75.00%
THEA 15947,202410,THEA,CotA,THDN,9.0,2.0,1.0,12.0,0.75,75.00%
THEA 18720,202280,THEA,CotA,THDN,9.0,1.0,2.0,12.0,0.75,75.00%
MDJ 21449,202280,MDJ,CCI,MDJ,15.0,4.0,1.0,20.0,0.75,75.00%
FDM 17764,202610,FDM,CotA,FDM,21.0,6.0,1.0,28.0,0.75,75.00%
THEA 26012,202410,THEA,CotA,THDN,12.0,2.0,2.0,16.0,0.75,75.00%
THEA 20443,202410,THEA,CotA,THDN,15.0,2.0,3.0,20.0,0.75,75.00%
FDM 20907,202480,FDM,CotA,FDM,45.0,11.0,4.0,60.0,0.75,75.00%
THEA 14873,202280,THEA,CotA,THDN,9.0,1.0,2.0,12.0,0.75,75.00%
ARCH 14841,202410,ARCH,CAED,ARCH,69.0,8.0,15.0,92.0,0.75,75.00%
MDJ 28436,202280,MDJ,CCI,MDJ,36.0,7.0,5.0,48.0,0.75,75.00%
FDM 25693,202280,FDM,CotA,FDM,51.0,10.0,7.0,68.0,0.75,75.00%
ARTS 23886,202580,ARTS,CotA,ART,9.0,1.0,2.0,12.0,0.75,75.00%
MDJ 21449,202480,MDJ,CCI,MDJ,15.0,2.0,3.0,20.0,0.75,75.00%
MDJ 21449,202610,MDJ,CCI,MDJ,27.0,2.0,7.0,36.0,0.75,75.00%
ID 29543,202610,ID,CAED,ARCH,51.0,9.0,8.0,68.0,0.75,75.00%
ARCH 19059,202510,ARCH,CAED,ARCH,9.0,1.0,2.0,12.0,0.75,75.00%
ARCH 11467,202580,ARCH,CAED,ARCH,261.0,47.0,40.0,348.0,0.75,75.00%
FDM 14111,202580,FDM,CotA,FDM,152.0,17.0,34.0,203.0,0.7487684729064039,74.88%
EMAT 19538,202480,EMAT,CCI,EMAT,131.0,25.0,19.0,175.0,0.7485714285714286,74.86%
FDM 12670,202380,FDM,CotA,FDM,202.0,36.0,32.0,270.0,0.7481481481481481,74.81%
FDM 18819,202510,FDM,CotA,FDM,77.0,12.0,14.0,103.0,0.7475728155339806,74.76%
ARCH 14841,202310,ARCH,CAED,ARCH,68.0,12.0,11.0,91.0,0.7472527472527473,74.73%
FDM 21467,202280,FDM,CotA,FDM,192.0,31.0,34.0,257.0,0.7470817120622568,74.71%
CMGT 23815,202480,CMGT,CAED,ARCH,59.0,13.0,7.0,79.0,0.7468354430379747,74.68%
THEA 20655,202610,THEA,CotA,THDN,56.0,11.0,8.0,75.0,0.7466666666666667,74.67%
ID 19883,202310,ID,CAED,ARCH,56.0,10.0,9.0,75.0,0.7466666666666667,74.67%
FDM 14111,202380,FDM,CotA,FDM,153.0,23.0,29.0,205.0,0.7463414634146341,74.63%
MDJ 20627,202380,MDJ,CCI,MDJ,50.0,7.0,10.0,67.0,0.746268656716418,74.63%
MDJ 22796,202280,MDJ,CCI,MDJ,44.0,10.0,5.0,59.0,0.7457627118644068,74.58%
ID 24050,202380,ID,CAED,ARCH,82.0,14.0,14.0,110.0,0.7454545454545455,74.55%
FDM 25884,202480,FDM,CotA,FDM,164.0,26.0,30.0,220.0,0.7454545454545455,74.55%
FDM 12681,202510,FDM,CotA,FDM,67.0,13.0,10.0,90.0,0.7444444444444445,74.44%
FDM 21467,202380,FDM,CotA,FDM,131.0,25.0,20.0,176.0,0.7443181818181818,74.43%
CMGT 21745,202610,CMGT,CAED,ARCH,96.0,23.0,10.0,129.0,0.7441860465116279,74.42%
FDM 12681,202610,FDM,CotA,FDM,93.0,24.0,8.0,125.0,0.744,74.40%
VCD 18414,202380,VCD,CCI,VCD,29.0,6.0,4.0,39.0,0.7435897435897436,74.36%
MDJ 22796,202310,MDJ,CCI,MDJ,29.0,5.0,5.0,39.0,0.7435897435897436,74.36%
VCD 17213,202380,VCD,CCI,VCD,29.0,6.0,4.0,39.0,0.7435897435897436,74.36%
MUS 11618,202610,MUS,CotA,MUS,29.0,6.0,4.0,39.0,0.7435897435897436,74.36%
FDM 17764,202280,FDM,CotA,FDM,116.0,17.0,23.0,156.0,0.7435897435897436,74.36%
FDM 12670,202410,FDM,CotA,FDM,107.0,22.0,15.0,144.0,0.7430555555555556,74.31%
ARCH 14775,202310,ARCH,CAED,ARCH,75.0,13.0,13.0,101.0,0.7425742574257426,74.26%
VCD 24327,202580,VCD,CCI,VCD,23.0,3.0,5.0,31.0,0.7419354838709677,74.19%
CMGT 16841,202380,CMGT,CAED,ARCH,63.0,13.0,9.0,85.0,0.7411764705882353,74.12%
DAN 27345,202510,DAN,CotA,THDN,20.0,4.0,3.0,27.0,0.7407407407407407,74.07%
MDJ 17554,202510,MDJ,CCI,MDJ,20.0,5.0,2.0,27.0,0.7407407407407407,74.07%
MDJ 28436,202580,MDJ,CCI,MDJ,37.0,6.0,7.0,50.0,0.74,74.00%
COMM 17213,202280,COMM,CCI,COMM,111.0,25.0,14.0,150.0,0.74,74.00%
THEA 29604,202610,THEA,CotA,THDN,17.0,6.0,0.0,23.0,0.7391304347826086,73.91%
ART 20725,202580,ART,CotA,ART,34.0,4.0,8.0,46.0,0.7391304347826086,73.91%
VCD 25988,202310,VCD,CCI,VCD,34.0,9.0,3.0,46.0,0.7391304347826086,73.91%
VCD 28950,202580,VCD,CCI,VCD,87.0,14.0,17.0,118.0,0.7372881355932204,73.73%
VCD 17213,202280,VCD,CCI,VCD,42.0,6.0,9.0,57.0,0.7368421052631579,73.68%
VCD 25988,202410,VCD,CCI,VCD,28.0,7.0,3.0,38.0,0.7368421052631579,73.68%
MUS 22669,202580,MUS,CotA,MUS,28.0,4.0,6.0,38.0,0.7368421052631579,73.68%
FDM 17764,202410,FDM,CotA,FDM,14.0,3.0,2.0,19.0,0.7368421052631579,73.68%
VCD 18414,202580,VCD,CCI,VCD,14.0,2.0,3.0,19.0,0.7368421052631579,73.68%
THEA 24282,202610,THEA,CotA,THDN,14.0,1.0,4.0,19.0,0.7368421052631579,73.68%
MUS 28860,202310,MUS,CotA,MUS,14.0,1.0,4.0,19.0,0.7368421052631579,73.68%
MDJ 20627,202480,MDJ,CCI,MDJ,53.0,12.0,7.0,72.0,0.7361111111111112,73.61%
CCI 11716,202280,CCI,CCI,CCI,92.0,21.0,12.0,125.0,0.736,73.60%
ARCH 22860,202480,ARCH,CAED,ARCH,128.0,25.0,21.0,174.0,0.735632183908046,73.56%
FDM 25693,202510,FDM,CotA,FDM,25.0,7.0,2.0,34.0,0.7352941176470589,73.53%
FDM 18819,202610,FDM,CotA,FDM,61.0,13.0,9.0,83.0,0.7349397590361446,73.49%
AED 22860,202380,AED,CAED,ARCH,58.0,12.0,9.0,79.0,0.7341772151898734,73.42%
MUS 28860,202380,MUS,CotA,MUS,44.0,7.0,9.0,60.0,0.7333333333333333,73.33%
THEA 17060,202310,THEA,CotA,THDN,33.0,7.0,5.0,45.0,0.7333333333333333,73.33%
ARCS 12721,202410,ARCS,CAED,ARCH,11.0,2.0,2.0,15.0,0.7333333333333333,73.33%
FDM 27868,202410,FDM,CotA,FDM,74.0,12.0,15.0,101.0,0.7326732673267327,73.27%
ARCH 14841,202610,ARCH,CAED,ARCH,74.0,18.0,9.0,101.0,0.7326732673267327,73.27%
COMM 21241,202580,COMM,CCI,COMM,41.0,10.0,5.0,56.0,0.7321428571428571,73.21%
EMAT 26013,202380,EMAT,CCI,EMAT,41.0,8.0,7.0,56.0,0.7321428571428571,73.21%
THEA 29275,202580,THEA,CotA,THDN,41.0,6.0,9.0,56.0,0.7321428571428571,73.21%
VCD 17213,202310,VCD,CCI,VCD,30.0,6.0,5.0,41.0,0.7317073170731707,73.17%
EMAT 12670,202280,EMAT,CCI,EMAT,19.0,3.0,4.0,26.0,0.7307692307692307,73.08%
CMGT 21745,202410,CMGT,CAED,ARCH,89.0,21.0,12.0,122.0,0.7295081967213115,72.95%
ID 13889,202510,ID,CAED,ARCH,40.0,5.0,10.0,55.0,0.7272727272727273,72.73%
THEA 20443,202510,THEA,CotA,THDN,8.0,2.0,1.0,11.0,0.7272727272727273,72.73%
ARTS 28482,202380,ARTS,CotA,ART,48.0,10.0,8.0,66.0,0.7272727272727273,72.73%
THEA 14873,202380,THEA,CotA,THDN,8.0,2.0,1.0,11.0,0.7272727272727273,72.73%
THEA 21002,202310,THEA,CotA,THDN,8.0,3.0,0.0,11.0,0.7272727272727273,72.73%
THEA 22478,202480,THEA,CotA,THDN,8.0,2.0,1.0,11.0,0.7272727272727273,72.73%
MDJ 12683,202280,MDJ,CCI,MDJ,37.0,5.0,9.0,51.0,0.7254901960784313,72.55%
MDJ 22796,202610,MDJ,CCI,MDJ,29.0,7.0,4.0,40.0,0.725,72.50%
MDJ 28950,202510,MDJ,CCI,MDJ,29.0,7.0,4.0,40.0,0.725,72.50%
VCD 18414,202310,VCD,CCI,VCD,29.0,4.0,7.0,40.0,0.725,72.50%
CMGT 11015,202310,CMGT,CAED,ARCH,29.0,7.0,4.0,40.0,0.725,72.50%
VCD 17656,202310,VCD,CCI,VCD,21.0,4.0,4.0,29.0,0.7241379310344828,72.41%
VCD 18839,202480,VCD,CCI,VCD,42.0,6.0,10.0,58.0,0.7241379310344828,72.41%
THEA 25866,202410,THEA,CotA,THDN,21.0,6.0,2.0,29.0,0.7241379310344828,72.41%
THEA 22478,202410,THEA,CotA,THDN,34.0,6.0,7.0,47.0,0.723404255319149,72.34%
THEA 17060,202380,THEA,CotA,THDN,39.0,10.0,5.0,54.0,0.7222222222222222,72.22%
FDM 23628,202510,FDM,CotA,FDM,62.0,15.0,9.0,86.0,0.7209302325581395,72.09%
VCD 25988,202280,VCD,CCI,VCD,67.0,16.0,10.0,93.0,0.7204301075268817,72.04%
DAN 22742,202280,DAN,CotA,THDN,18.0,2.0,5.0,25.0,0.72,72.00%
MUS 22669,202510,MUS,CotA,MUS,18.0,3.0,4.0,25.0,0.72,72.00%
MDJ 12683,202480,MDJ,CCI,MDJ,41.0,8.0,8.0,57.0,0.7192982456140351,71.93%
ARTS 22958,202480,ARTS,CotA,ART,33.0,7.0,6.0,46.0,0.717391304347826,71.74%
MDJ 12683,202510,MDJ,CCI,MDJ,33.0,6.0,7.0,46.0,0.717391304347826,71.74%
FDM 11617,202480,FDM,CotA,FDM,142.0,31.0,25.0,198.0,0.7171717171717171,71.72%
FDM 17764,202580,FDM,CotA,FDM,96.0,19.0,19.0,134.0,0.7164179104477612,71.64%
CMGT 19400,202510,CMGT,CAED,ARCH,63.0,14.0,11.0,88.0,0.7159090909090909,71.59%
FDM 14111,202410,FDM,CotA,FDM,128.0,27.0,24.0,179.0,0.7150837988826816,71.51%
THEA 26012,202310,THEA,CotA,THDN,15.0,1.0,5.0,21.0,0.7142857142857143,71.43%
THEA 25866,202510,THEA,CotA,THDN,10.0,3.0,1.0,14.0,0.7142857142857143,71.43%
EMAT 26013,202580,EMAT,CCI,EMAT,42.0,8.0,9.0,59.0,0.711864406779661,71.19%
MDJ 20627,202610,MDJ,CCI,MDJ,69.0,14.0,14.0,97.0,0.711340206185567,71.13%
THEA 26012,202480,THEA,CotA,THDN,32.0,4.0,9.0,45.0,0.7111111111111111,71.11%
MDJ 13358,202280,MDJ,CCI,MDJ,27.0,7.0,4.0,38.0,0.7105263157894737,71.05%
THEA 22559,202410,THEA,CotA,THDN,27.0,7.0,4.0,38.0,0.7105263157894737,71.05%
MDJ 22796,202510,MDJ,CCI,MDJ,27.0,3.0,8.0,38.0,0.7105263157894737,71.05%
CMGT 21745,202310,CMGT,CAED,ARCH,76.0,13.0,18.0,107.0,0.7102803738317757,71.03%
ART 29123,202610,ART,CotA,ART,22.0,4.0,5.0,31.0,0.7096774193548387,70.97%
ID 19670,202510,ID,CAED,ARCH,39.0,7.0,9.0,55.0,0.7090909090909091,70.91%
MDJ 20627,202280,MDJ,CCI,MDJ,39.0,7.0,9.0,55.0,0.7090909090909091,70.91%
VCD 19343,202280,VCD,CCI,VCD,17.0,4.0,3.0,24.0,0.7083333333333334,70.83%
THEA 19134,202380,THEA,CotA,THDN,29.0,3.0,9.0,41.0,0.7073170731707317,70.73%
ARCH 24669,202280,ARCH,CAED,ARCH,72.0,17.0,13.0,102.0,0.7058823529411765,70.59%
MDJ 25865,202380,MDJ,CCI,MDJ,24.0,5.0,5.0,34.0,0.7058823529411765,70.59%
FDM 24923,202310,FDM,CotA,FDM,153.0,30.0,34.0,217.0,0.7050691244239631,70.51%
VCD 13182,202580,VCD,CCI,VCD,31.0,6.0,7.0,44.0,0.7045454545454546,70.45%
VCD 17656,202380,VCD,CCI,VCD,19.0,5.0,3.0,27.0,0.7037037037037037,70.37%
THEA 26012,202380,THEA,CotA,THDN,33.0,10.0,4.0,47.0,0.7021276595744681,70.21%
ART 21467,202610,ART,CotA,ART,33.0,6.0,8.0,47.0,0.7021276595744681,70.21%
FDM 23628,202310,FDM,CotA,FDM,68.0,16.0,13.0,97.0,0.7010309278350515,70.10%
EMAT 17213,202610,EMAT,CCI,EMAT,21.0,4.0,5.0,30.0,0.7,70.00%
THEA 25866,202480,THEA,CotA,THDN,7.0,2.0,1.0,10.0,0.7,70.00%
ARCH 14775,202510,ARCH,CAED,ARCH,53.0,12.0,11.0,76.0,0.6973684210526315,69.74%
THEA 21002,202610,THEA,CotA,THDN,23.0,5.0,5.0,33.0,0.696969696969697,69.70%
ARTS 19694,202510,ARTS,CotA,ART,62.0,11.0,16.0,89.0,0.6966292134831461,69.66%
MDJ 20627,202510,MDJ,CCI,MDJ,55.0,13.0,11.0,79.0,0.6962025316455697,69.62%
ART 20725,202480,ART,CotA,ART,32.0,5.0,9.0,46.0,0.6956521739130435,69.57%
ART 29123,202510,ART,CotA,ART,43.0,8.0,11.0,62.0,0.6935483870967742,69.35%
ARTS 19694,202310,ARTS,CotA,ART,61.0,14.0,13.0,88.0,0.6931818181818182,69.32%
THEA 28661,202510,THEA,CotA,THDN,9.0,3.0,1.0,13.0,0.6923076923076923,69.23%
VCD 28950,202510,VCD,CCI,VCD,38.0,9.0,8.0,55.0,0.6909090909090909,69.09%
ART 20725,202410,ART,CotA,ART,22.0,6.0,4.0,32.0,0.6875,68.75%
ART 20725,202280,ART,CotA,ART,33.0,5.0,10.0,48.0,0.6875,68.75%
CCI 11716,202480,CCI,CCI,CCI,52.0,10.0,14.0,76.0,0.6842105263157895,68.42%
COMM 21241,202380,COMM,CCI,COMM,39.0,8.0,10.0,57.0,0.6842105263157895,68.42%
ARTH 14683,202310,ARTH,CotA,ART,39.0,11.0,7.0,57.0,0.6842105263157895,68.42%
ARCH 19059,202410,ARCH,CAED,ARCH,13.0,1.0,5.0,19.0,0.6842105263157895,68.42%
ARTS 19694,202280,ARTS,CotA,ART,30.0,8.0,6.0,44.0,0.6818181818181818,68.18%
MUS 25988,202280,MUS,CotA,MUS,17.0,3.0,5.0,25.0,0.68,68.00%
MDJ 25865,202280,MDJ,CCI,MDJ,23.0,5.0,6.0,34.0,0.6764705882352942,67.65%
CMGT 16841,202410,CMGT,CAED,ARCH,31.0,10.0,5.0,46.0,0.6739130434782609,67.39%
DAN 27345,202410,DAN,CotA,THDN,10.0,3.0,2.0,15.0,0.6666666666666666,66.67%
MUS 12689,202310,MUS,CotA,MUS,4.0,1.0,1.0,6.0,0.6666666666666666,66.67%
MUS 10925,202480,MUS,CotA,MUS,6.0,2.0,1.0,9.0,0.6666666666666666,66.67%
MDJ 25865,202510,MDJ,CCI,MDJ,26.0,8.0,5.0,39.0,0.6666666666666666,66.67%
ARTH 14683,202280,ARTH,CotA,ART,23.0,5.0,7.0,35.0,0.6571428571428571,65.71%
ART 20725,202510,ART,CotA,ART,21.0,5.0,6.0,32.0,0.65625,65.62%
VCD 18414,202480,VCD,CCI,VCD,13.0,5.0,2.0,20.0,0.65,65.00%
MDJ 17554,202280,MDJ,CCI,MDJ,20.0,5.0,6.0,31.0,0.6451612903225806,64.52%
ARTS 19694,202480,ARTS,CotA,ART,38.0,8.0,13.0,59.0,0.6440677966101694,64.41%
MDJ 12063,202280,MDJ,CCI,MDJ,9.0,2.0,3.0,14.0,0.6428571428571429,64.29%
ARCS 29348,202310,ARCS,CAED,ARCH,9.0,2.0,3.0,14.0,0.6428571428571429,64.29%
ARCS 26039,202480,ARCS,CAED,ARCH,7.0,2.0,2.0,11.0,0.6363636363636364,63.64%
MUS 20682,202510,MUS,CotA,MUS,7.0,3.0,1.0,11.0,0.6363636363636364,63.64%
THEA 15947,202380,THEA,CotA,THDN,14.0,5.0,3.0,22.0,0.6363636363636364,63.64%
THEA 26012,202510,THEA,CotA,THDN,7.0,1.0,3.0,11.0,0.6363636363636364,63.64%
VCD 18414,202510,VCD,CCI,VCD,17.0,5.0,5.0,27.0,0.6296296296296297,62.96%
MDJ 22796,202480,MDJ,CCI,MDJ,25.0,9.0,6.0,40.0,0.625,62.50%
THEA 28661,202480,THEA,CotA,THDN,12.0,3.0,5.0,20.0,0.6,60.00%
MDJ 11788,202480,MDJ,CCI,MDJ,12.0,3.0,5.0,20.0,0.6,60.00%
THEA 13155,202410,THEA,CotA,THDN,15.0,5.0,5.0,25.0,0.6,60.00%
ARCS 13373,202580,ARCS,CAED,ARCH,6.0,2.0,2.0,10.0,0.6,60.00%
AED 22860,202310,AED,CAED,ARCH,8.0,5.0,1.0,14.0,0.5714285714285714,57.14%
THEA 25866,202380,THEA,CotA,THDN,8.0,1.0,5.0,14.0,0.5714285714285714,57.14%
THEA 13155,202510,THEA,CotA,THDN,13.0,7.0,3.0,23.0,0.5652173913043478,56.52%
THEA 11844,202580,THEA,CotA,THDN,10.0,5.0,3.0,18.0,0.5555555555555556,55.56%
THEA 14029,202410,THEA,CotA,THDN,6.0,4.0,1.0,11.0,0.5454545454545454,54.55%
MUS 10925,202280,MUS,CotA,MUS,2.0,1.0,1.0,4.0,0.5,50.00%
THEA 13155,202380,THEA,CotA,THDN,12.0,7.0,5.0,24.0,0.5,50.00%
MDJ 12062,202410,MDJ,CCI,MDJ,9.0,3.0,8.0,20.0,0.45,45.00%
